{
    "metrics": {
        "http_req_duration": {
            "med": 0.502,
            "max": 65.317,
            "p(90)": 1.439,
            "p(95)": 1.758,
            "avg": 0.6687602689760058,
            "min": 0.039
        },
        "http_req_tls_handshaking": {
            "max": 0,
            "p(90)": 0,
            "p(95)": 0,
            "avg": 0,
            "min": 0,
            "med": 0
        },
        "iteration_duration": {
            "max": 65.348625,
            "p(90)": 1.47275,
            "p(95)": 1.796292,
            "avg": 0.6953032009274518,
            "min": 0.04925,
            "med": 0.526708
        },
        "data_sent": {
            "rate": 6259739.410589163,
            "count": 438188995
        },
        "http_req_waiting": {
            "p(95)": 1.744,
            "avg": 0.6582195331032384,
            "min": 0.035,
            "med": 0.492,
            "max": 65.304,
            "p(90)": 1.426
        },
        "vus_max": {
            "value": 100,
            "min": 100,
            "max": 100
        },
        "http_req_failed": {
            "passes": 0,
            "fails": 3843762,
            "value": 0
        },
        "data_received": {
            "count": 1575942425,
            "rate": 22513091.426661585
        },
        "checks": {
            "passes": 3843762,
            "fails": 0,
            "value": 1
        },
        "http_reqs": {
            "count": 3843762,
            "rate": 54909.97891520535
        },
        "http_req_duration{expected_response:true}": {
            "min": 0.039,
            "med": 0.502,
            "max": 65.317,
            "p(90)": 1.439,
            "p(95)": 1.758,
            "avg": 0.6687602689760058
        },
        "http_req_receiving": {
            "min": 0.002,
            "med": 0.005,
            "max": 16.76,
            "p(90)": 0.012,
            "p(95)": 0.016,
            "avg": 0.007928748710518706
        },
        "http_req_blocked": {
            "p(90)": 0.001,
            "p(95)": 0.002,
            "avg": 0.0009245803980972974,
            "min": 0,
            "med": 0.001,
            "max": 3.853
        },
        "vus": {
            "min": 1,
            "max": 99,
            "value": 1
        },
        "http_req_sending": {
            "avg": 0.002611987162731178,
            "min": 0,
            "med": 0.002,
            "max": 4.353,
            "p(90)": 0.003,
            "p(95)": 0.004
        },
        "http_req_connecting": {
            "avg": 0.000005225349540372165,
            "min": 0,
            "med": 0,
            "max": 1.778,
            "p(90)": 0,
            "p(95)": 0
        },
        "iterations": {
            "count": 3843761,
            "rate": 54909.96462972698
        }
    },
    "setup_data": {
        "sensorId": "696972bf-0d9f-4e2b-a531-021bcc1bd94e"
    },
    "root_group": {
        "path": "",
        "id": "d41d8cd98f00b204e9800998ecf8427e",
        "groups": {
            "setup": {
                "id": "5c0f8025f7e0b6654089e5b00e950f1a",
                "groups": {},
                "checks": {
                        "create sensor status is 201": {
                            "fails": 0,
                            "name": "create sensor status is 201",
                            "path": "::setup::create sensor status is 201",
                            "id": "b381870941d74cdda70909cd1c156be7",
                            "passes": 1
                        }
                    },
                "name": "setup",
                "path": "::setup"
            }
        },
        "checks": {
            "get sensor status is 200": {
                "name": "get sensor status is 200",
                "path": "::get sensor status is 200",
                "id": "ce21c2e73187a3085f47d848deca42e1",
                "passes": 3843761,
                "fails": 0
            }
        },
        "name": ""
    }
}