{
    "metrics": {
        "checks": {
            "passes": 501,
            "fails": 0,
            "value": 1
        },
        "iterations": {
            "count": 500,
            "rate": 37873.0495379488
        },
        "data_received": {
            "count": 195374,
            "rate": 14798818.360854415
        },
        "http_req_sending": {
            "max": 0.159,
            "p(90)": 0.006,
            "p(95)": 0.015,
            "avg": 0.004898203592814335,
            "min": 0.001,
            "med": 0.002
        },
        "http_req_receiving": {
            "med": 0.005,
            "max": 0.174,
            "p(90)": 0.022,
            "p(95)": 0.037,
            "avg": 0.0114471057884231,
            "min": 0.003
        },
        "http_req_waiting": {
            "med": 0.059,
            "max": 0.22,
            "p(90)": 0.092,
            "p(95)": 0.111,
            "avg": 0.0649520958083832,
            "min": 0.031
        },
        "data_sent": {
            "count": 107700,
            "rate": 8157854.870474171
        },
        "http_req_blocked": {
            "avg": 0.0028902195608781836,
            "min": 0,
            "med": 0.001,
            "max": 0.211,
            "p(90)": 0.001,
            "p(95)": 0.002
        },
        "http_req_tls_handshaking": {
            "p(90)": 0,
            "p(95)": 0,
            "avg": 0,
            "min": 0,
            "med": 0,
            "max": 0
        },
        "iteration_duration": {
            "avg": 0.12144750000000003,
            "min": 0.056125,
            "med": 0.0979585,
            "max": 0.907542,
            "p(90)": 0.1920795,
            "p(95)": 0.23527499999999998
        },
        "http_req_duration{expected_response:true}": {
            "avg": 0.08129740518962074,
            "min": 0.037,
            "med": 0.071,
            "max": 0.295,
            "p(90)": 0.119,
            "p(95)": 0.161
        },
        "http_req_duration": {
            "p(95)": 0.161,
            "avg": 0.08129740518962074,
            "min": 0.037,
            "med": 0.071,
            "max": 0.295,
            "p(90)": 0.119
        },
        "http_reqs": {
            "count": 501,
            "rate": 37948.79563702469
        },
        "http_req_failed": {
            "passes": 0,
            "fails": 501,
            "value": 0
        },
        "http_req_connecting": {
            "avg": 0.0016087824351297406,
            "min": 0,
            "med": 0,
            "max": 0.166,
            "p(90)": 0,
            "p(95)": 0
        }
    },
    "setup_data": {
        "sensorId": "36e55813-7b86-424d-937a-635c64312361"
    },
    "root_group": {
        "checks": {
            "create sensor status is 201": {
                "name": "create sensor status is 201",
                "path": "::create sensor status is 201",
                "id": "c60ac1f4dd21c2c2664c39ebde746e3a",
                "passes": 500,
                "fails": 0
            }
        },
        "name": "",
        "path": "",
        "id": "d41d8cd98f00b204e9800998ecf8427e",
        "groups": {
            "setup": {
                "groups": {},
                "checks": {
                        "create sensor status is 201": {
                            "name": "create sensor status is 201",
                            "path": "::setup::create sensor status is 201",
                            "id": "b381870941d74cdda70909cd1c156be7",
                            "passes": 1,
                            "fails": 0
                        }
                    },
                "name": "setup",
                "path": "::setup",
                "id": "5c0f8025f7e0b6654089e5b00e950f1a"
            }
        }
    }
}