{
    "root_group": {
        "name": "",
        "path": "",
        "id": "d41d8cd98f00b204e9800998ecf8427e",
        "groups": {
            "setup": {
                "id": "5c0f8025f7e0b6654089e5b00e950f1a",
                "groups": {},
                "checks": {
                        "create sensor status is 201": {
                            "name": "create sensor status is 201",
                            "path": "::setup::create sensor status is 201",
                            "id": "b381870941d74cdda70909cd1c156be7",
                            "passes": 1,
                            "fails": 0
                        }
                    },
                "name": "setup",
                "path": "::setup"
            }
        },
        "checks": {
            "get sensor status is 200": {
                "id": "ce21c2e73187a3085f47d848deca42e1",
                "passes": 1000,
                "fails": 0,
                "name": "get sensor status is 200",
                "path": "::get sensor status is 200"
            }
        }
    },
    "metrics": {
        "http_req_receiving": {
            "max": 0.319,
            "p(90)": 0.02,
            "p(95)": 0.043,
            "avg": 0.013982017982017963,
            "min": 0.002,
            "med": 0.007
        },
        "iteration_duration": {
            "avg": 0.19244041500000025,
            "min": 0.070084,
            "med": 0.1677505,
            "max": 1.232042,
            "p(90)": 0.298234,
            "p(95)": 0.37544759999999994
        },
        "data_sent": {
            "count": 114241,
            "rate": 4986730.106071849
        },
        "iterations": {
            "count": 1000,
            "rate": 43650.96686891615
        },
        "http_req_duration": {
            "max": 0.898,
            "p(90)": 0.241,
            "p(95)": 0.293,
            "avg": 0.1571598401598401,
            "min": 0.058,
            "med": 0.142
        },
        "http_req_failed": {
            "passes": 0,
            "fails": 1001,
            "value": 0
        },
        "http_req_blocked": {
            "p(95)": 0.002,
            "avg": 0.003333666333666257,
            "min": 0,
            "med": 0.001,
            "max": 0.46,
            "p(90)": 0.002
        },
        "http_req_connecting": {
            "avg": 0.0018191808191808192,
            "min": 0,
            "med": 0,
            "max": 0.22,
            "p(90)": 0,
            "p(95)": 0
        },
        "http_req_sending": {
            "p(90)": 0.007,
            "p(95)": 0.015,
            "avg": 0.0050289710289709985,
            "min": 0,
            "med": 0.002,
            "max": 0.409
        },
        "http_req_waiting": {
            "p(95)": 0.249,
            "avg": 0.13814885114885087,
            "min": 0.052,
            "med": 0.128,
            "max": 0.542,
            "p(90)": 0.206
        },
        "data_received": {
            "count": 410415,
            "rate": 17915011.56750622
        },
        "http_req_duration{expected_response:true}": {
            "min": 0.058,
            "med": 0.142,
            "max": 0.898,
            "p(90)": 0.241,
            "p(95)": 0.293,
            "avg": 0.1571598401598401
        },
        "http_reqs": {
            "count": 1001,
            "rate": 43694.617835785066
        },
        "http_req_tls_handshaking": {
            "avg": 0,
            "min": 0,
            "med": 0,
            "max": 0,
            "p(90)": 0,
            "p(95)": 0
        },
        "checks": {
            "passes": 1001,
            "fails": 0,
            "value": 1
        }
    },
    "setup_data": {
        "sensorId": "e9494610-c0de-4dcc-906f-5331b87e206e"
    }
}