{
    "metrics": {
        "http_req_connecting": {
            "avg": 0.0013093812375249499,
            "min": 0,
            "med": 0,
            "max": 0.134,
            "p(90)": 0,
            "p(95)": 0
        },
        "http_reqs": {
            "count": 501,
            "rate": 24340.47514939513
        },
        "http_req_duration{expected_response:true}": {
            "p(90)": 0.234,
            "p(95)": 0.274,
            "avg": 0.15306986027944103,
            "min": 0.072,
            "med": 0.132,
            "max": 0.46
        },
        "iteration_duration": {
            "med": 0.1673965,
            "max": 0.728792,
            "p(90)": 0.29157120000000003,
            "p(95)": 0.35982709999999996,
            "avg": 0.19367801399999993,
            "min": 0.090584
        },
        "http_req_tls_handshaking": {
            "max": 0,
            "p(90)": 0,
            "p(95)": 0,
            "avg": 0,
            "min": 0,
            "med": 0
        },
        "http_req_receiving": {
            "avg": 0.012105788423153624,
            "min": 0.003,
            "med": 0.007,
            "max": 0.202,
            "p(90)": 0.02,
            "p(95)": 0.03
        },
        "checks": {
            "passes": 501,
            "fails": 0,
            "value": 1
        },
        "http_req_sending": {
            "p(95)": 0.017,
            "avg": 0.0049980039920159225,
            "min": 0.001,
            "med": 0.002,
            "max": 0.144,
            "p(90)": 0.008
        },
        "data_sent": {
            "count": 107695,
            "rate": 5232230.481465287
        },
        "data_received": {
            "count": 195369,
            "rate": 9491765.048826702
        },
        "http_req_waiting": {
            "max": 0.376,
            "p(90)": 0.204,
            "p(95)": 0.239,
            "avg": 0.1359660678642714,
            "min": 0.068,
            "med": 0.12
        },
        "http_req_blocked": {
            "avg": 0.0024570858283432845,
            "min": 0,
            "med": 0.001,
            "max": 0.152,
            "p(90)": 0.002,
            "p(95)": 0.002
        },
        "http_req_duration": {
            "p(90)": 0.234,
            "p(95)": 0.274,
            "avg": 0.15306986027944103,
            "min": 0.072,
            "med": 0.132,
            "max": 0.46
        },
        "http_req_failed": {
            "passes": 0,
            "fails": 501,
            "value": 0
        },
        "iterations": {
            "rate": 24291.891366661806,
            "count": 500
        }
    },
    "setup_data": {
        "sensorId": "12a366e0-87f1-4a11-ad4d-78665aebce76"
    },
    "root_group": {
        "id": "d41d8cd98f00b204e9800998ecf8427e",
        "groups": {
            "setup": {
                "name": "setup",
                "path": "::setup",
                "id": "5c0f8025f7e0b6654089e5b00e950f1a",
                "groups": {},
                "checks": {
                        "create sensor status is 201": {
                            "name": "create sensor status is 201",
                            "path": "::setup::create sensor status is 201",
                            "id": "b381870941d74cdda70909cd1c156be7",
                            "passes": 1,
                            "fails": 0
                        }
                    }
            }
        },
        "checks": {
            "create sensor status is 201": {
                "name": "create sensor status is 201",
                "path": "::create sensor status is 201",
                "id": "c60ac1f4dd21c2c2664c39ebde746e3a",
                "passes": 500,
                "fails": 0
            }
        },
        "name": "",
        "path": ""
    }
}